project_id,trichloroethene_max,tetrachloroethene_max,btex_max,zip,latitude,longitude,address
11CBCP012K,NA,NA,NA,11226,40.650423449366,-73.9578250531889,2244 Church Avenue
11CBCP013K,10.7,13.6,350.57,11249,40.7165605181085,-73.9630102515473,105 Metropolitan Avenue
11CVCP008K,110,140,402,11211,40.7112263721956,-73.9525924157633,456 Grand Street
11CVCP015K,7.6,48,91.7,11210,40.632159538786,-73.94762280016,2166 Nostrand Avenue
12CBCP018K,3.2,8.6,163,11235,40.577189659519,-73.9662912777841,67 Brighton 1 Lane (Brighton Green)
12CBCP019K,18.92,659.13,280.63,11206,40.701336553387,-73.948455447899,177 Harrison Avenue
12CBCP021K,203,76,NA,11211,40.7189590883907,-73.9543834396891,470 Driggs Avenue
12CBCP024K,NA,NA,80,11211,40.7199771507811,-73.9537730697175,210 North 12th Street
12CBCP025K,NA,NA,171,11206,40.7022324253245,-73.9477443638505,386-388 Wallabout Street
12CBCP029K,NA,NA,33,11205,40.6943935773206,-73.9623265627991,112 Emerson Place
12CBCP030K,42,NA,374.8,11206,40.7001597569731,-73.9532674806046,242 Wallabout Street
12CBCP035K,108,86.1,8449.5,11211,40.717522943826,-73.9528079885125,250 North 10th Street
12CBCP039K,72.9,3,26.53,11211,40.7167348847533,-73.9520510013032,544 Union Avenue
12CVCP048K,NA,55,NA,11218,40.6408042530325,-73.9850573113238,1309-1321 38th Street
12CVCP051K,NA,0.474,NA,11211,40.7149486132579,-73.960803502243,263 Bedford Avenue
12CVCP053K,3.44,13.8,NA,11211,40.7136325222489,-73.9570203338455,25 Hope Street
12CVCP054K,NA,NA,136,11231,40.6845898761981,-74.0036957590478,107 Union Street
12CVCP057K,NA,NA,46.2,11205,40.695758365969,-73.95636470506,821 Bedford Avenue
12CVCP067K,NA,22.8,NA,11236,40.6445784486966,-73.9016832740156,1465 Rockaway Parkway
12CVCP069K,NA,30,NA,11211,40.7158987668892,-73.9546019729465,249 North 7th Street and 248 North 8th Street
13CVCP071K,NA,27.14,239.56,11211,40.7142542564547,-73.9472299274968,650 Metropolitan Avenue
13CVCP072K,NA,NA,NA,11217,40.687901928325,-73.9852450758381,345 State Street
13CVCP081K,72.6,31,78.2,11211,40.7164768592805,-73.9520078987983,538 Union Avenue
13CVCP088K,86.5,46.6,385.3,11201,40.6955381013259,-73.9871186154785,285 Jay Street
13CVCP090K,31.2,115,87.27,11201,40.6953565796684,-73.9841759906233,125 Flatbush Avenue Extension
13CVCP092K,2.53,333,NA,11236,40.647640744456,-73.8944895311299,10504 Flatlands Avenue
13CVCP093K,95.6,2930,NA,11201,40.7032705277491,-73.9916650804965,60 Water Street
13CVCP094K,34.4,476.7,NA,11201,40.6930890417805,-73.9817496381086,81 Fleet Place
13CVCP097K,375,122,NA,11205,40.6957089560521,-73.9563539187366,823 Bedford Avenue
13CVCP098K,NA,16,NA,11222,40.7319352224342,-73.9588017945524,45 India Street
13CVCP101K,NA,NA,710,11249,40.7205176517977,-73.9605693429677,66 North 8th Street
13CVCP110K,2.15,69.8,41.01,11205,40.6935242822296,-73.9648441132139,504 Myrtle Avenue
13CVCP112K,NA,NA,198.8,11249,40.7184311624035,-73.9592141762729,131 Berry Street
13CVCP113K,NA,NA,196,11222,40.7303108299291,-73.9529504721224,186 Greenpoint Avenue
13CVCP118K,4.89,37.8,33.2,11211,40.7146072534445,-73.9579431594703,291 Metropolitan Avenue
13CVCP122K,0.591,8,NA,11211,40.717908045981,-73.9548928054799,212-218 North 9th Street
13CVCP128K,NA,7,455,11222,40.7221325251122,-73.9490202993185,501 Leonard Street
13CVCP133K,0.23,28,87.25,11217,40.6816074079857,-73.9801916172882,79-97 4th Avenue
13CVCP135K,NA,NA,46.1,11233,40.6745786103616,-73.907955148254,Dean Street Habitat for Humanity--2396 Dean Street
13CVCP139K,0.537,11,NA,11222,40.7373982495617,-73.9541001800362,62 Box Street
13CVCP144K,20,50,NA,11222,40.7220748724141,-73.9489914822418,498 Leonard Street
13CVCP146K,106,380,210,11211,40.7106014501326,-73.954789539116,125 Borinquen Place
13CVCP147K,1.88,2.17,NA,11206,40.7023004157686,-73.9463774178278,82 Throop Avenue
13CVCP149K,0.376,28.9,721.7,11233,40.6770077884968,-73.9229674966491,1875 Atlantic Avenue
13CVCP150K,0.483,25.8,211.9,11206,40.7020651106231,-73.9480005610698,376-382 Wallabout Street
13CVCP152K,580,200,11000,11231,40.6833684134947,-74.0047629349049,33 Carroll Street
13CVCP153K,0.268,66.9,NA,11206,40.7001679372083,-73.9468191213765,661 Flushing Avenue
13CVCP154K,486,1260,NA,11222,40.7299536827567,-73.9592901095508,101 West Street
13CVCP156K,NA,1.36,76.03,11205,40.6892198346978,-73.9550889003189,1044 Bedford Avenue
14CVCP157K,NA,3.18,NA,11238,40.6821402894504,-73.9604442102589,1035 Fulton Street
14CVCP159K,NA,NA,1500,11222,40.722686406712,-73.9477716182446,245-247 Driggs Avenue
14CVCP164K,NA,9.29,NA,11210,40.6371195203374,-73.9510128799648,1345-1357 Rogers Avenue
14CVCP165K,NA,NA,NA,11211,40.7175784658435,-73.9543627401924,219-223 North 8th Street (230 North 9th Street)
14CVCP167K,19,50,NA,11216,40.6784967702454,-73.9502650334603,1225 Atlantic Avenue
14CVCP168K,42,27,1261,11238,40.6820660585929,-73.9600909170058,1043 Fulton Street
14CVCP172K,5.53,1040,NA,11222,40.719820349736104,-73.9466194561656,137 Bayard Street
14CVCP174K,1.34,4.47,1775,11222,40.7366518757424,-73.9546022668377,79 Clay Street
14CVCP177K,27.3,6.98,NA,11222,40.7374310436506,-73.9537429180714,72 Box Street
14CVCP180K,348,204,507.96,11201,40.7024081291422,-73.9860605593967,177 Front Street
14CVCP181K,7362,539,825.1,11201,40.7030613439686,-73.9857394338378,200 Water Street
14CVCP185K,NA,7.4,312,11238,40.6783286363717,-73.9629593515217,767 Bergen Street
14CVCP188K,671,9.35,NA,11222,40.7373791195226,-73.9543094848053,56 Box Street
14CVCP190K,0.52,8.6,NA,11206,40.7110978983937,-73.9417821689271,213 Maujer Street and 774-780 Grand Street
14CVCP192K,NA,NA,635,11216,40.6802714213159,-73.9475236168043,1328 Fulton Street
14CVCP198K,NA,240,NA,11249,40.7155370098599,-73.9639162501079,89 Grand Street
14CVCP205K,11,4.61,NA,11238,40.680730747982,-73.9643352840063,596 Washington Avenue
14CVCP210K,580,32.1,NA,11217,40.6854827183776,-73.978477774299,113 Flatbush Avenue
14CVCP214K,NA,NA,16.9,11211,40.7178333820305,-73.9534967854465,28-46 Roebling Street
14CVCP215K,230,2900,NA,11201,40.6935803804116,-73.9819081722305,180 Myrtle Avenue
14CVCP216K,12.3,2060,NA,11238,40.6800236303759,-73.9591871908967,1007 Atlantic Avenue
14CVCP217K,73,242,NA,11217,40.6821165340551,-73.973261723926,670-678 Pacific Street
14CVCP218K,80.6,82,NA,11222,40.7193264282687,-73.9469120591377,434 Manhattan Avenue
14CVCP221K,8.3,54,NA,11206,40.706416613355,-73.9389585260788,225-227 Boerum Street
14CVCP224K,NA,3.97,NA,11215,40.6758713111507,-73.9832108292747,566 Carroll Street
14CVCP225K,102,277,1504,11206,40.7008210769004,-73.9358259967646,1-37 Forrest Street
14CVCP227K,4.1,14,NA,11238,40.6832921311829,-73.9660213109,882 Fulton Street
14CVCP228K,62.8,30.3,141.8,11232,40.6639243879664,-73.9944094181235,635 4th Avenue
14CVCP231K,213,36.2,NA,11249,40.7166491621023,-73.9656291407684,235-237 Kent Avenue
14CVCP236K,NA,1.96,NA,11222,40.7330169999951,-73.9597753503512,170-174 West Street
14CVCP237K,3,170,NA,11249,40.7129960690296,-73.9662514552477,51-59 South 4th Street
14CVCP240K,NA,NA,NA,11215,40.6753993910118,-73.9845015816714,275 4th Avenue
14CVCP242K,15.6,56.9,NA,11238,40.6774641440907,-73.9555258397389,608-620 Franklin Avenue
14CVCP250K,2.3,17,NA,11215,40.675489957865,-73.9844222478382,269-271 4th Avenue
14CVCP253K,1.86,24.2,NA,11221,40.6956651230636,-73.9335698605168,874 Willoughby Avenue
14CVCP254K,15.6,56.9,142.9,11216,40.676871461428,-73.9560165424183,945 Bergen Street
14CVCP260K,32.3,38.1,NA,11221,40.690503287692,-73.9263198529316,818 Lexington Avenue
15CVCP002K,4.14,6.03,25.81,11249,40.7164982550717,-73.9658131931837,Domino Sugar Site A
15CVCP003K,NA,0.678,18.81,11249,40.7151343410097,-73.9666038851383,Domino Sugar Site B
15CVCP004K,3.17,16.2,NA,11249,40.7127027934912,-73.9676944595666,Domino Sugar Site D
15CVCP005K,0.43,5.22,51.07,11249,40.7146156489977,-73.9668386158273,Domino Sugar Site F--Refinery Building
15CVCP008K,NA,15,NA,11211,40.717293399808,-73.9553549671506,207 North 8th Street
15CVCP012K,5530,4670,44.21,11206,40.7011633701423,-73.9509333615622,45 Walton Street
15CVCP013K,29,430,NA,11249,40.7159951460784,-73.963162072661,96 North 1st Street
15CVCP014K,44.1,1470,120.3,11201,40.693058852754,-73.9817712828319,86 Fleet Place
15CVCP017K,1.15,1,NA,11219,40.6330071432543,-74.0056960768043,6002 Fort Hamilton Parkway
15CVCP018K,26,620,70,11211,40.7126507334169,-73.9521801890811,66 Ainslie Street
15CVCP019K,NA,NA,NA,11208,40.6742372847472,-73.8800812834174,2501 Pitkin Avenue
15CVCP024K,0.698,773,117000,11222,40.7204593767218,-73.9455474990783,171-173 Bayard Street
15CVCP028K,4.03,502,260.9,11249,40.7193048002487,-73.961551299699,59-63 North 6th Street
15CVCP029K,0.483,11.8,27.9,11206,40.6952234945664,-73.9504689276776,802-806 Myrtle Avenue
15CVCP030K,12.9,43,97.2,11201,40.6959988031549,-73.9838007896903,156 Tillary Street
15CVCP031K,NA,5.08,11.31,11206,40.7032376774661,-73.9492367197784,153 Lorimer Street
15CVCP033K,NA,NA,404,11238,40.6823258697674,-73.965679281083,531 Waverly Avenue
15CVCP036K,1.45,54.5,NA,11205,40.6945069354502,-73.9568523550466,667 Myrtle Avenue
15CVCP039K,NA,NA,320,11214,40.6060884135118,-73.9873483556913,120 Kings Highway
15CVCP044K,8.32,10.2,NA,11222,40.7270001446869,-73.9587831980156,26 West Street
15CVCP048K,0.806,3.39,2113.8,11205,40.699378980543,-73.953592517606,535 Flushing Avenue
15CVCP050K,NA,NA,139,11249,40.7155919513316,-73.964064119499,83 Grand Street
15CVCP052K,76.3,97.6,NA,11221,40.6912498601155,-73.9263118159802,1038 Greene Avenue
15CVCP054K,NA,NA,NA,11211,40.7196261844964,-73.9546860143201,172-174 North 11th Street
15CVCP055K,NA,NA,76.4,11238,40.6806147220382,-73.9620062550905,929 Atlantic Avenue
15CVCP058K,NA,NA,279.1,11206,40.7037047128039,-73.9502101604581,120 Union Avenue
15CVCP061K,110,2100,NA,11236,40.6407935290588,-73.9051191487788,9029 Flatlands Avenue
15CVCP067K,3.94,3.34,NA,11211,40.716628136827,-73.949507748576,280 Meeker Avenue
15CVCP068K,154,22.6,181.84,11206,40.7024436375854,-73.9474484583334,313 Wallabout Street
15CVCP071K,9.08,13.6,24.75,11249,40.7159765908416,-73.9652795778728,53 Grand Street
15CVCP072K,12.7,422,34.68,11206,40.7005539245372,-73.9342141560381,36-70 Noll Street
15CVCP073K,12.7,422,86.84,11206,40.6992224546812,-73.9337646685083,89-141 Melrose Street
15CVCP074K,270,32,2292,11201,40.6908584577202,-73.9889152864263,119-127 Livingston Street
15CVCP077K,1.99,2.17,332.28,11249,40.7199014038322,-73.9566158554178,138-142 North 10th Street
15CVCP081K,NA,114,57.83,11211,40.717866306071,-73.9471080228064,108 Frost Street
15CVCP083K,NA,2.58,NA,11211,40.7181515630223,-73.9466785116811,406-408 Manhattan Avenue
15CVCP084K,102,277,108.64,11206,40.7022288546897,-73.9353125081528,902-908 Flushing Avenue
15CVCP085K,1.61,8.34,85.28,11206,40.7039679322874,-73.9495715837586,196 Middleton Street
15CVCP088K,3760,2400,62.67,11221,40.6904733531014,-73.9267237510665,843 Lexington Avenue
15CVCP089K,0.322,0.881,NA,11238,40.6802628278144,-73.9603371623263,963 Atlantic Avenue
15CVCP090K,1.3,26,NA,11205,40.6944844658203,-73.9632893545598,100 Steuben Street
15CVCP094K,NA,0.678,NA,11222,40.7366464104033,-73.9546636139736,77 Clay Street
15CVCP095K,NA,8,NA,11211,40.7176766945761,-73.9466247804495,387 Manhattan Avenue
15CVCP098K,4.83,1.22,515.4,11201,40.6971516417507,-73.9840601630364,35-37 Duffield Street
15CVCP100K,0.71,NA,3290,11222,40.7294810767674,-73.9509449832393,209-227 McGuinness Boulevard
15CVCP101K,NA,11.1,110.35,11211,40.7185007050241,-73.9543621086985,202 North 10th Street
15CVCP102K,1.56,11.7,NA,11238,40.6885994688074,-73.9549667197404,1060 Bedford Avenue
15CVCP103K,94,40,1012.2,11222,40.7372867182129,-73.9566911388119,77 Commercial Street
15CVCP108K,1.25,6.35,NA,11218,40.6316294969022,-73.9753211124948,4202 18th Avenue
15CVCP113K,9.5,42.9,78.61,11211,40.714607969819,-73.943582567967,771-781 Metropolitan Avenue
15CVCP115K,NA,NA,2.44,11220,40.6457807523644,-74.0132789762859,5111 4th Avenue
15CVCP117K,NA,1.15,NA,11206,40.7025649878955,-73.9487359158065,86-90 Walton Street
15CVCP118K,NA,NA,19.72,11212,40.6730024756823,-73.9038260000689,81-111 Junius Street
15CVCP119K,NA,11.5,1318.3,11211,40.7122935561384,-73.9513255584285,400 Union Avenue
15CVCP120K,14,NA,NA,11233,40.6833620472055,-73.9116567451749,Henry Apartments Site B - 8 Rockaway Avenue
15CVCP123K,NA,NA,19.72,11234,40.6419766163864,-73.9196388369569,Ralph Avenue and Preston Court
15CVCP125K,0.51,2.6,NA,11230,40.6299388804136,-73.9572039290349,1326 Ocean Avenue
15CVCP126K,26.4,30.5,269.3,11222,40.7325649594442,-73.9546591744429,977 Manhattan Avenue
15CVCP129K,5530,4670,44.21,11206,40.7012154852951,-73.9508503732837,47 Walton Street
15CVCP132K,64.4,1190,68.39,11206,40.6959807745274,-73.9438869857386,948 Myrtle Avenue
15CVCP134K,NA,NA,55.4,11226,40.6430042463845,-73.9576856077699,1127 Flatbush Avenue
15CVCP139K,NA,5.74,NA,11211,40.7130527643603,-73.9554083077395,69 Hope Street
15CVCP140K,79.5,24700,3376,11211,40.7134943934677,-73.9546973973112,20 Marcy Avenue
15CVCP142K,NA,NA,64.9,11213,40.6798587311471,-73.9399202298656,1520 Fulton Street
15CVCP148K,NA,NA,1068,11207,40.684158815005,-73.912683284778,Henry Apartments Site A - 1676 Broadway
15CVCP151K,43.6,718,NA,11238,40.6836659121245,-73.967730160091,840 Fulton Street
15CVCP152K,NA,7.32,46.91,11222,40.719175459875,-73.9468977494286,417 Manhattan Avenue
15CVCP157K,NA,25,NA,11238,40.6785344644354,-73.9551609915003,583 Franklin Avenue
15CVCP158K,34,31,NA,11211,40.716984589957,-73.94868138698,88 Withers Street
15CVCP161K,169,10200,18.16,11219,40.6251953715202,-73.9925286017721,1570 60th Street
15CVCP163K,23.8,68.5,128.19,11211,40.712524310397,-73.9517871025882,80-82 Ainslie Street
15CVCP164K,NA,NA,172000,11229,40.5971662980422,-73.9509773757411,2633 Ocean Avenue
15CVCP165K,NA,7.93,27.69,11238,40.6816399245205,-73.9581370129945,1068-1072 Fulton Street
15CVCP166K,NA,NA,746,11211,40.71214452718,-73.952656565976,432-438 Keap Street
15CVCP168K,NA,NA,3130,11222,40.7321001990801,-73.9596243598129,148 West Street
16CVCP006K,NA,4.8,NA,11217,40.68233792372,-73.9827116426293,125 Third Avenue
16CVCP007K,NA,NA,NA,11211,40.7175985056566,-73.9497560705228,56 Frost Street
16CVCP008K,96.7,1.89,246.4,11206,40.7022104966585,-73.9478092993395,299-301 Wallabout Street
16CVCP009K,NA,NA,NA,11211,40.7125049180178,-73.9513614753745,402 Union Avenue
16CVCP014K,1030,834,194.4,11216,40.6810047375684,-73.9551016437315,1146 Fulton Street
16CVCP015K,NA,6.24,NA,11223,40.6087892417236,-73.9621371701628,1989 Coney Island Avenue
16CVCP016K,0.93,12.89,278.67,11231,40.6859375751653,-74.0031513743322,96-98 Degraw Street
16CVCP018K,47,920,346.6,11206,40.7031392990802,-73.9502286158616,100 Union Avenue
16CVCP020K,37.6,106,NA,11222,40.7320288304064,-73.959609970313,144-146 West Street
16CVCP030K,46,22.4,200.1,11222,40.7202407797502,-73.947668915878893,470 Manhattan Avenue
16CVCP034K,49.9,23.2,NA,11249,40.7160393798874,-73.9641684905487,296 Wythe Avenue
16CVCP041K,173,426,252.08,11206,40.701252857456,-73.951650896322,415-419 Marcy Avenue
16CVCP043K,NA,4.44,108.24,11216,40.6798642865121,-73.9400464125983,1516 Fulton Street
16CVCP044K,0.34,205,606.7,11249,40.719852219975,-73.960959229263,71 & 76 North 7th Street
16CVCP047K,14,67.4,33.29,11206,40.695643186555,-73.946901978088,901 Myrtle Avenue
16CVCP048K,4.23,55.9,41.77,11211,40.7162051084771,-73.9519611991894,526 Union Avenue
16CVCP049K,2.8,440,50.2,11206,40.6975280211504,-73.9370300708342,912 Broadway
16CVCP052K,NA,23,478,11224,40.5753395357906,-73.9768789915882,805-825 Surf Avenue
16CVCP058K,NA,NA,244.4,11231,40.6754241367575,-74.0151775681227,430-434 Van Brunt Street
16CVCP062K,11.3,69.8,NA,11221,40.6922273587244,-73.9268768828317,1200 Broadway
16CVCP064K,0.26,0.66,NA,11211,40.717550425603,-73.9466032371552,383 Manhattan Avenue
16CVCP065K,349,442,3231,11222,40.7355613978036,-73.9598062897307,Greenpoint Landing G1
16CVCP068K,0.67,66.9,232.89,11206,40.7032588343852,-73.9474514223431,52-56 Throop Avenue
16CVCP070K,0.44,41,135.5,11210,40.6380152154603,-73.9531596715517,1353 Flatbush Avenue
16CVCP072K,0.27,0.8,1143.7,11249,40.7161705387234,-73.9623214684583,141 Metropolitan Avenue
16CVCP076K,10.3,535,111.65,11205,40.6964528535221,-73.9565265322553,814-822 Bedford Avenue
16CVCP079K,NA,NA,3982,11206,40.6984511137821,-73.9439858848785,179 Throop Avenue
16CVCP080K,3290,10400,60.65,11221,40.6905033753407,-73.9264568785408,853 Lexington Avenue
16CVCP081K,NA,NA,319,11224,40.5811678915073,-73.9834794385406,2702 West 15th Street
16CVCP084K,3.3,4.2,63.9,11221,40.6894691436059,-73.9417974474544,666 Greene Avenue
16CVCP085K,NA,NA,745,11211,40.7115795628332,-73.9444762364681,710 Grand Street
17CVCP002K,NA,NA,21710,11222,40.73733409234,-73.954735130291,44 Box Street
17CVCP009K,NA,4.91,NA,11238,40.6807329304353,-73.9625650263524,911-917 Atlantic Avenue
17CVCP011K,NA,2,NA,11206,40.7004502584368,-73.9459821934924,7 Whipple Street
17CVCP018K,NA,NA,41.5,11211,40.7125792765035,-73.9519565980893,74-76 Ainslie Street
17CVCP027K,413,1020,108.59,11223,40.6763874028202,-73.9837262394036,241-245 4th Avenue
17CVCP030K,0.31,39.2,3019,11215,40.665772871939,-73.992527661602,575-581 4th Avenue
17CVCP031K,NA,9.29,157.34,11201,40.6890102303727,-73.9812279051373,540 Fulton Street
17CVCP033K,80.6,NA,671.62,11222,40.7357835861149,-73.9594164496693,Greenpoint Landing F1
17CVCP035K,NA,0.224,19.32,11222,40.735690880403,-73.957081710011,75 Dupont Street
17CVCP043K,2.75,1940,214.17,11206,40.7034735643976,-73.9488686628209,167 Lorimer Street
17CVCP049K,64.4,8410,68.39,11206,40.69583864822,-73.9451348601194,922 Myrtle Avenue
17CVCP054K,0.6,61.2,826.16,11215,40.664664048318,-73.993630775875,609-619 4th Avenue
17CVCP055K,0.52,5.31,496.9,11215,40.6646898889732,-73.9900766933866,578 5th Avenue
17CVCP057K,160,500,293,11206,40.701397799873,-73.9364060927051,11-23 Montieth Street
17CVCP060K,1.06,8.88,79.8,11206,40.6929171170655,-73.9487072730439,633 Marcy Avenue
17CVCP062K,NA,NA,138,11207,40.6650529938302,-73.8999012771032,402 Snediker Avenue
17CVCP066K,0.67,37.4,1327.54,11222,40.7285476343401,-73.9504189027321,183 McGuinness Boulevard
17CVCP068K,305,13.6,489.28,11249,40.7175718946185,-73.9587709914965,141 North 6th Street
17CVCP071K,NA,54,8550,11211,40.7110824955503,-73.9498800148442,537 Grand Street
17CVCP072K,623,21.1,220.67,11221,40.6942414581509,-73.9303978743646,1096 Broadway
17CVCP076K,0.38,7.59,175.32,11205,40.6962552071053,-73.9564653548834,801 Bedford Avenue
17CVCP080K,0.42,17.2,207.97,11205,40.69890151587,-73.9574085018209,436 Flushing Avenue
18CVCP001K,86.5,22000,NA,11216,40.6869414973082,-73.9546361108079,1104-1106 Bedford Avenue
18CVCP002K,11.4,1700,NA,11216,40.6806059149946,-73.9530215943252,1190 Fulton Street
18CVCP004K,NA,50.7,NA,11219,40.6314973778519,-74.0079224475246,6317 Fort Hamilton Parkway
18CVCP005K,176,150,1002.4,11249,40.7179826845442,-73.9642143423377,187 Kent Avenue
18CVCP006K,0.57,156,174.87,11205,40.6916130725544,-73.9545752364679,223 Spencer Street
18CVCP008K,NA,0.87,373,11201,40.6975963257717,-73.9842908613302,171 Concord Street
18CVCP009K,1.48,1.86,834.15,11208,40.675562802943404,-73.8798806176518,820 Glenmore Avenue
18CVCP011K,3.1,130,1891.1,11226,40.653435055923,-73.9594377123173,800 Flatbush Avenue
18CVCP013K,2.3,222,NA,11232,40.6562363706302,-74.0024075295412,875 4th Avenue
18CVCP014K,NA,2.16,135.92,11222,40.7346456087129,-73.9549788998093,1048 Manhattan Avenue
18CVCP015K,NA,24.8,197.73,11230,40.6273808274608,-73.9656571006128,1249 Coney Island Avenue
18CVCP016K,NA,34,246.8,11208,40.6739047562491,-73.8823422440546,2437 Pitkin Avenue
18CVCP018K,NA,NA,215.3,11226,40.650552835779,-73.955313178463,2415 Church Avenue
18CVCP019K,9.5,14,670.5,11249,40.7183106663948,-73.9599934577419,108-112 North 6th Street
18CVCP020K,24,9800,607,11233,40.6758221309719,-73.9081264790476,1860 Eastern Parkway
18CVCP023K,12.7,5.52,255.3,11222,40.7253519344864,-73.9485885054187,81 McGuinness Boulevard
18CVCP024K,NA,5.29,48.54,11206,40.700303167327,-73.945531397828,687 Flushing Avenue
18CVCP030K,NA,1.1,25.8,11249,40.7141923650224,-73.9648476408684,72 South Second Street
18CVCP032K,NA,NA,58,11211,40.7152853405427,-73.9583034595542,625 Driggs Avenue
18CVCP035K,7.41,49.3,NA,11222,40.7205087413916,-73.9454608772461,177 Bayard Street
18CVCP037K,37,100,NA,11201,40.7043595610642,-73.9852883201351,82 John Street
18CVCP038K,NA,NA,69.4,11211,40.714662529925,-73.9590000476046,658 Driggs Avenue
18CVCP040K,0.34,2.72,70.08,11222,40.7339813360215,-73.9548710998768,1026-1030 Manhattan Avenue
18CVCP043K,NA,36.9,241.2,11207,40.6762152142119,-73.89591523328,157 New Jersey Avenue
18CVCP046K,14,51,259,11207,40.6776409802645,-73.8942509898949,2718 Fulton Street
18CVCP047K,0.76,4.23,103.46,11211,40.7179783203149,-73.9459860245824,137 Frost Street
18CVCP049K,NA,4.13,61.23,11222,40.7346922723394,-73.9549860849409,1050-1066 Manhattan Avenue
18CVCP050K,NA,NA,6.2,11211,40.7110223093238,-73.9503381553169,522 Grand Street
18CVCP051K,6.82,111,68.6,11217,40.683319067093,-73.982065977477,98 3rd Avenue
18CVCP059K,36,1.46,213.2,11222,40.729611004387,-73.960484585083,13-15 Greenpoint Avenue
18CVCP060K,2.43,11,309.8,11222,40.7199407806364,-73.9458942458299,481 Graham Avenue
18CVCP063K,0.34,5.78,125.7,11201,40.6966383742444,-73.9840891359111,67 Duffield Street
18CVCP064K,0.24,10.9,1779.2,11233,40.6774455555182,-73.9209084025204,20 Prescott Place
18CVCP068K,4.19,8000,702.14,11206,40.7008047810931,-73.9469448407269,24 Bartlett Street
18CVCP070K,5.5,14,687.9,11208,40.670043676392,-73.858686910481,2846-2868 Linden Boulevard
18CVCP072K,NA,NA,1010,11222,40.7364638327988,-73.9581530862301,40-48 Commercial Street
18CVCP079K,2.5,65,1480,11211,40.7112027004399,-73.9485994186068,575 Grand Street
18CVCP084K,8.06,407,824.32,11208,40.6782893056556,-73.8834629615733,315 Linwood Street
19CVCP001K,NA,4.6,54.29,11208,40.6753367099691,-73.881542985955,777 Glenmore Avenue
19CVCP002K,14.9,57.2,23.41,11217,40.6849411126861,-73.9741728176839,142-150 South Portland Avenue
19CVCP006K,1.14,3.64,155.39,11211,40.7089968683559,-73.9507905317243,288-292 Union Avenue
19CVCP007K,NA,NA,292,11217,40.681520351904,-73.9853834950183,233 Nevins Street
19CVCP010K,0.99,14,480.02,11210,40.6347721693616,-73.9497211521175,1457-1471 Flatbush Avenue
19CVCP011K,NA,NA,150.7,11222,40.7336660199284,-73.9557228662364,153 Green Street
19CVCP012K,4.12,23.2,83.95,11207,40.6769510021897,-73.8961231870047,118 New Jersey Avenue
19CVCP013K,1.07,6.37,25.25,11211,40.7182291874415,-73.9483703384967,390 Leonard Street
19CVCP020K,0.27,6.11,28.64,11210,40.6352829425825,-73.9502792253212,1458-1460 Flatbush Avenue
19CVCP021K,14.3,29.4,1781.7,11223,40.6057807654077,-73.9854000769317,174 Kings Highway
19CVCP022K,NA,2.71,272.38,11206,40.7018816823085,-73.9490538180379,161 Harrison Avenue
19CVCP026K,NA,NA,254.7,11216,40.674467254114,-73.9565841242304,705 Franklin Avenue
19CVCP027K,NA,9.3,NA,11221,40.6873660773603,-73.9406778888145,651-671 Gates Avenue
19CVCP033K,1.41,225,213.7,11207,40.6770789869106,-73.8980517776802,2618 Fulton Street
19CVCP038K,6.98,69.8,197.86,11218,40.641836505782,-73.9868010814297,1250 38th Street
19CVCP039K,6.98,69.8,197.86,11218,40.6417788544979,-73.9867074068961,1256 38th Street
19CVCP043K,35.1,13.6,93.1,11222,40.7365159607913,-73.9580917102007,Greenpoint Landing H3
19CVCP045K,110,28,NA,11249,40.7159100029718,-73.9629889686851,102-110 North 1st Street
19CVCP053K,17.4,61.2,307.6,11222,40.7347050323013,-73.95979958964,Greenpoint Landing D
19CVCP055K,14.2,315,17.28,11233,40.6738240279833,-73.9082445927404,2175 Bergen Street
19CVCP056K,3350,110,210.05,11206,40.7021775823614,-73.9478598170936,297 Wallabout Street
19CVCP060K,26.4,30.5,269.3,11222,40.7325182957836,-73.9546519897696,975 Manhattan Avenue
19CVCP062K,0.4,1.3,40.59,11205,40.6890523812133,-73.9550313193404,1021 Bedford Avenue
19CVCP066K,0.97,21,292,11217,40.6813447463661,-73.9858630574498,233 Nevins Street Phase II
19CVCP068K,3.79,113,97.43,11206,40.7015498002533,-73.9383138056638,842-846 Flushing Avenue (aka 13 Garden Street)
19CVCP072K,NA,0.53,NA,11249,40.6782410521013,-73.9928182915369,74-76 South Second Street
19CVCP079K,41.9,1480,271.31,11206,40.703415365412,-73.950776513792,113 Harrison Avenue
19CVCP081K,1.07,3.63,35.38,11211,40.7134546723637,-73.951519498269107,438 Union Avenue
19CVCP083K,63,540,245,11222,40.7326656588706,-73.9597394802379,161 West Street
19CVCP086K,1.07,1.41,9.68,11211,40.7140931042179,-73.9489795544485,596 Metropolitan Avenue
19CVCP098K,1.07,1.36,19.83,11211,40.7127678559727,-73.9440856751098,302 Graham Avenue
19CVCP099K,1.34,1.82,16.76,11211,40.7136188001414,-73.9442256416695,322 Graham Avenue
19CVCP103K,1,17,NA,11231,40.682609474272,-74.004766490624,55 Summit Street
20CVCP002K,NA,NA,2063,11223,40.6096648868386,-73.9623059474273,1941 Coney Island Avenue
20CVCP005K,10.7,37.4,48.71,11221,40.6893348394492,-73.9233787488577,1010 Gates Avenue
20CVCP007K,2.7,17,195,11207,40.6779546814149,-73.8921522296738,2776 Fulton Street
20CVCP009K,1500,5600,478,11249,40.7172181551951,-73.9597163449434,116 North 5th Street
20CVCP011K,280,3500,NA,11231,40.6789191329977,-74.0048527499365,20 Luquer Street
20CVCP016K,10900,13700,49100,11208,40.6798700219988,-73.8779043291315,3294 Atlantic Avenue
20CVCP019K,10.7,1330,4989.9,11207,40.6733486027654,-73.8860996497785,2337 Pitkin Avenue
20CVCP023K,21.3,26.9,1102.5,11217,40.6858642991538,-73.9787877402738,80 Flatbush Avenue
20CVCP031K,14.8,2.98,37.93,11225,40.6672936562209,-73.9600276621188,54 Crown Street
20CVCP034K,11.9,3.08,48.29,11201,40.702659115942,-73.984675542122,63-71 Bridge Street
20CVCP035K,17.3,11.7,36.17,11222,40.7189859095779,-73.9465479748894,411 Meeker Avenue
20CVCP038K,0.68,2.4,9.49,11249,40.7205506074215,-73.9606234369364,64 North 8th Street
20CVCP041K,9.1,8.4,109.9,11215,40.6654367484194,-73.994160575122,160 17th Street
20CVCP042K,0.44,9,106.9,11208,40.6762516056065,-73.8721138378529,447 Euclid Avenue
20CVCP044K,0.48,81,51.1,11237,40.7037561545721,-73.9197915834035,1601 Dekalb Avenue
20CVCP045K,6.6,1900,61.8,11212,40.6621640813207,-73.9115875001505,169 Livonia Avenue
20CVCP049K,2.75,1940,214.17,11206,40.7034735643976,-73.9488686628209,169 Lorimer Street
20CVCP051K,19,330,214,11230,40.6324535367055,-73.9668109895911,1035 Coney Island Avenue
20CVCP053K,NA,6.8,72.1,11208,40.6829077375544,-73.8673093214216,3513 Atlantic Avenue
20CVCP054K,200,6.4,998.4,11249,40.7179234367459,-73.9593696061292,130 North 6th Street
20CVCP055K,NA,NA,NA,11211,40.714155931169,-73.948301349265,624 Metropolitan Avenue
20CVCP058K,2.87,186,271.19,11205,40.6948461400406,-73.9538950730945,723-733 Myrtle Avenue
20CVCP059K,0.59,33,83.6,11212,40.6617398957657,-73.9096705293515,381 Chester Street
20CVCP060K,23.8,182,43.37,11205,40.6961665389247,-73.9712942920644,205 Park Avenue
20CVCP061K,1.07,82.7,60.39,11222,40.7207295946897,-73.9482168833682,494 Manhattan Avenue
20CVCP063K,11,5.8,465.7,11222,40.7283060367356,-73.9502819790759,175 McGuinness Boulevard
20CVCP066K,5.9,24,46.2,11223,40.6071041776573,-73.972661515973,1881 McDonald Avenue
20CVCP072K,NA,0.33,1.81,11238,40.6792882268044,-73.9597428621352,1010 Pacific Street
20CVCP076K,NA,3,292.8,11233,40.6794155356383,-73.9053490214587,156-158 Somers Street
20CVCP083K,4.43,4.46,75.75,11249,40.7199582335178,-73.9620956601195,129 Kent Avenue
20CVCP088K,14,14,158.5,11201,40.6885653785994,-73.9800453169411,625 Fulton Street
21CVCP009K,2.5,23,443.4,11249,40.7203528757835,-73.9603060890325,76 North 8th Street
21CVCP014K,9.19,23.2,143.81,11205,40.6940389878823,-73.9607869456797,590-594 Myrtle Avenue
21CVCP015K,NA,NA,135.48,11201,40.6895222886971,-74.0000252411971,72-76 Congress Street
21CVCP017K,58,15,89.3,11201,40.7040577947225,-73.9865795751575,29 Jay Street
21CVCP019K,6.72,8.48,126.27,11211,40.7146300616358,-73.9603383550997,167-171 North 1st Street
21CVCP020K,1.97,507,94.87,11206,40.7028769603748,-73.931167885874,144 Noll Street
21CVCP026K,NA,10.6,17.11,11204,40.6279464451207,-73.9775416504707,4701 19th Avenue
21CVCP030K,31,1700,215.7,11212,40.6716296014637,-73.906567718955,117 Glenmore Avenue
21CVCP031K,NA,NA,46.89,11233,40.6776437510847,-73.9217445841918,335 Ralph Avenue
21CVCP033K,25.4,52.6,56.96,11206,40.6986844399686,-73.9440289654211,171 Throop Avenue
21CVCP036K,260,599,125.13,11233,40.677796143853,-73.9020993811908,2440 Fulton Street
21CVCP038K,0.46,3.8,283.1,11206,40.7026672135558,-73.9502614276875,89 Union Avenue
21CVCP041K,121,182,3854,11215,40.665826411472,-73.9925132368333,584 4th Avenue
21CVCP043K,NA,3.06,NA,11205,40.6928841564019,-73.9727777988976,155 Carlton Avenue
21CVCP045K,31300,2170,NA,11222,40.7271363393503,-73.938070038095,83 Apollo Street
21CVCP046K,0.45,62.2,111.6,11222,40.7304448166518,-73.9517272315374,193 Greenpoint Avenue
21CVCP053K,1.07,5.69,287.36,11211,40.7188461603036,-73.9534022845143,209 North 11th Street
21CVCP058K,13,11,314,11238,40.678893653285,-73.957907967068,1050 Pacific Street
22CVCP001K,5.91,21,652.7,11207,40.6759367975554,-73.894603391983,2700 Atlantic Avenue
22CVCP002K,1.78,14.5,22.77,11222,40.7215744303101,-73.9470076741983,540 Graham Avenue
22CVCP003K,11,142,59066.1,11219,40.6359112616612,-74.0013547236449,5402 Fort Hamilton Parkway
22CVCP009K,3.56,169,117.69,11238,40.6796016155189,-73.9611523645115,979 Pacific Street
22CVCP013K,1.24,3.2,149.1,11211,40.7178499268445,-73.9473028364056,352 Meeker Avenue
22CVCP019K,3.9,990,761.7,11208,40.674798436315,-73.8760497807654,2602 Pitkin Avenue
22CVCP021K,0.28,150,1942,11208,40.6788629548376,-73.8781549394511,25 Milford Street
22CVCP022K,35.3,11.6,6069,11211,40.717874584126,-73.965123366648,105 River Street (North Tower)
22CVCP027K,22,170,7335.5,11217,40.6830952339289,-73.9811394317927,311 Bergen Street
22CVCP031K,25,540,1290,11215,40.6724133870436,-73.9870185378759,374 4th Avenue
22CVCP034K,2.15,4.65,370.1,11222,40.7354515761625,-73.9597161466971,Greenpoint Landing E1
22CVCP036K,6.3,1.4,110.9,11201,40.6917476801098,-73.9880857572883,356-380 Fulton Street
22CVCP041K,3.7,28,1710,11224,40.5763893606688,-73.9847153442136,2905 West 17th Street
22CVCP043K,NA,4.8,124.05,11230,40.6140348662217,-73.9631282938689,1775 Coney Island Avenue
22CVCP044K,27.2,4.34,155.5,11217,40.6794508919487,-73.9861843342479,553 Sackett Street
22CVCP045K,42.3,44.3,664.8,11215,40.6779277986724,-73.9885136467229,420-430 Carroll Street
22CVCP057K,2.5,3.6,44.5,11207,40.6580412054032,-73.889156906531,881-885 New Jersey Avenue
22CVCP058K,0.27,2.7,107.51,11233,40.684807375902,-73.923592997174,772 Halsey Street
22CVCP060K,12.6,12.8,NA,11201,40.6976651994446,-73.9862815369245,127 Concord Street
22CVCP064K,0.5,43,15.7,11233,40.67282870221,-73.922892985943,1625 Prospect Place
22CVCP065K,0.31,1.8,NA,11233,40.67922491892,-73.920177957179,53 MacDougal Street
22CVCP071K,0.31,0.83,116.38,11222,40.720438092795,-73.944061028053,511 Meeker Avenue
22CVCP073K,0.72,14.4,16.33,11218,40.6472957540425,-73.9711027054954,425 Coney Island Avenue
22CVCP074K,NA,NA,125.9,11211,40.717361534058,-73.939305455788,288 Jackson Street
22CVCP079K,5.48,41.6,33.27,11207,40.677380329076,-73.896082795737,2667 Fulton Street
22CVCP081K,7.9,560,336,11238,40.682641746057,-73.962134863541,1 Putnam Avenue
22CVCP082K,2.1,6.8,10.8,11221,40.6885894943234,-73.9211403810072,6 Howard Avenue
22CVCP084K,0.73,8.74,458.75,11238,40.681707372312,-73.967316451029,840-856 Atlantic Avenue
22CVCP085K,2.92,4.85,1495.31,11206,40.703024016258,-73.947199033036,60 Throop Avenue
22CVCP087K,100,680,2660,11217,40.679215590973,-73.981829133418,164 4th Avenue
22CVCP089K,6820,2950,366.9,11215,40.6755174060997,-73.9844258465551,288 4th Avenue
22CVCP090K,2.6,200,206,11222,40.7138206285108,-73.9416355027715,30 Bushwick Avenue
22CVCP091K,0.26,12,2319.8,11208,40.6760830390444,-73.8813001144839,355 Shepherd Avenue
23CVCP007K,7.3,NA,701.6,11249,40.718632,-73.959997,97 North 6th Street
23CVCP009K,978,6300,1194.09,11249,40.715927,-73.963584,88 North 1st Street
23CVCP012K,49,2800,337400,11249,40.714431,-73.964826,303 Wythe Avenue
23CVCP013K,4.34,50.3,13.21,11207,40.673287,-73.89658,184 Pennsylvania Avenue
23CVCP025K,1.19,67.4,NA,11219,40.626395,-73.997975,6202 14th Avenue
23CVCP027K,110,1530,586600,11211,40.715042235666,-73.957715508728,202 North 4th Street
23CVCP028K,110,1530,586600,11211,40.71463064758,-73.958062067238,285 Metropolitan Avenue
23CVCP030K,42.1,18.9,91.85,11201,40.697127,-73.98344,236 Gold Street
23CVCP033K,46,390,54.9,11222,40.726238282355,-73.958094421018,79 Quay Street
23CVCP038K,22,86,231,11214,40.661864474816,-73.995804490927,179 22nd Street
